paper_id	class_label	true_label
8	Neural_Networks	Neural_Networks
14	Neural_Networks	Neural_Networks
18	Neural_Networks	Neural_Networks
24	Reinforcement_Learning	Reinforcement_Learning
42	Genetic_Algorithms	Genetic_Algorithms
45	Reinforcement_Learning	Reinforcement_Learning
58	Neural_Networks	Neural_Networks
76	Probabilistic_Methods	Probabilistic_Methods
93	Probabilistic_Methods	Probabilistic_Methods
94	Probabilistic_Methods	Probabilistic_Methods
132	Reinforcement_Learning	Reinforcement_Learning
140	Theory	Theory
163	Genetic_Algorithms	Genetic_Algorithms
165	Rule_Learning	Rule_Learning
179	Neural_Networks	Neural_Networks
183	Case_Based	Case_Based
198	Neural_Networks	Neural_Networks
214	Probabilistic_Methods	Neural_Networks
226	Probabilistic_Methods	Neural_Networks
227	Theory	Theory
232	Neural_Networks	Neural_Networks
235	Neural_Networks	Neural_Networks
239	Probabilistic_Methods	Reinforcement_Learning
249	Rule_Learning	Rule_Learning
254	Neural_Networks	Neural_Networks
257	Probabilistic_Methods	Neural_Networks
260	Probabilistic_Methods	Probabilistic_Methods
294	Neural_Networks	Reinforcement_Learning
297	Neural_Networks	Neural_Networks
299	Neural_Networks	Theory
301	Neural_Networks	Neural_Networks
307	Rule_Learning	Rule_Learning
308	Theory	Theory
314	Neural_Networks	Rule_Learning
317	Theory	Theory
318	Theory	Case_Based
330	Neural_Networks	Neural_Networks
340	Theory	Neural_Networks
347	Probabilistic_Methods	Probabilistic_Methods
350	Neural_Networks	Neural_Networks
354	Neural_Networks	Neural_Networks
374	Reinforcement_Learning	Reinforcement_Learning
376	Probabilistic_Methods	Probabilistic_Methods
381	Theory	Theory
383	Probabilistic_Methods	Neural_Networks
398	Probabilistic_Methods	Probabilistic_Methods
405	Neural_Networks	Neural_Networks
408	Neural_Networks	Neural_Networks
413	Theory	Neural_Networks
420	Probabilistic_Methods	Neural_Networks
432	Neural_Networks	Rule_Learning
435	Theory	Neural_Networks
441	Theory	Case_Based
452	Probabilistic_Methods	Probabilistic_Methods
474	Theory	Neural_Networks
487	Neural_Networks	Neural_Networks
495	Probabilistic_Methods	Probabilistic_Methods
496	Neural_Networks	Neural_Networks
524	Neural_Networks	Neural_Networks
532	Neural_Networks	Probabilistic_Methods
546	Genetic_Algorithms	Genetic_Algorithms
554	Reinforcement_Learning	Reinforcement_Learning
569	Theory	Theory
571	Theory	Theory
581	Case_Based	Case_Based
595	Neural_Networks	Neural_Networks
609	Neural_Networks	Neural_Networks
612	Case_Based	Case_Based
633	Reinforcement_Learning	Reinforcement_Learning
638	Rule_Learning	Theory
648	Neural_Networks	Neural_Networks
654	Rule_Learning	Rule_Learning
707	Neural_Networks	Rule_Learning
726	Neural_Networks	Neural_Networks
736	Probabilistic_Methods	Neural_Networks
738	Neural_Networks	Reinforcement_Learning
740	Theory	Theory
755	Genetic_Algorithms	Genetic_Algorithms
768	Probabilistic_Methods	Probabilistic_Methods
780	Genetic_Algorithms	Genetic_Algorithms
784	Probabilistic_Methods	Neural_Networks
794	Theory	Theory
800	Genetic_Algorithms	Genetic_Algorithms
801	Case_Based	Case_Based
826	Neural_Networks	Neural_Networks
831	Case_Based	Case_Based
838	Case_Based	Probabilistic_Methods
855	Probabilistic_Methods	Probabilistic_Methods
876	Theory	Theory
889	Probabilistic_Methods	Probabilistic_Methods
904	Probabilistic_Methods	Probabilistic_Methods
909	Probabilistic_Methods	Probabilistic_Methods
917	Probabilistic_Methods	Probabilistic_Methods
920	Probabilistic_Methods	Neural_Networks
921	Neural_Networks	Neural_Networks
922	Case_Based	Case_Based
930	Neural_Networks	Neural_Networks
938	Genetic_Algorithms	Genetic_Algorithms
970	Genetic_Algorithms	Genetic_Algorithms
972	Genetic_Algorithms	Genetic_Algorithms
987	Probabilistic_Methods	Probabilistic_Methods
995	Genetic_Algorithms	Genetic_Algorithms
1025	Theory	Theory
1040	Rule_Learning	Case_Based
1048	Neural_Networks	Case_Based
1051	Neural_Networks	Neural_Networks
1054	Genetic_Algorithms	Genetic_Algorithms
1070	Genetic_Algorithms	Genetic_Algorithms
1071	Rule_Learning	Rule_Learning
1074	Rule_Learning	Theory
1075	Neural_Networks	Neural_Networks
1076	Probabilistic_Methods	Probabilistic_Methods
1089	Case_Based	Case_Based
1122	Case_Based	Case_Based
1128	Neural_Networks	Probabilistic_Methods
1130	Genetic_Algorithms	Genetic_Algorithms
1135	Theory	Theory
1137	Reinforcement_Learning	Reinforcement_Learning
1142	Genetic_Algorithms	Genetic_Algorithms
1148	Case_Based	Case_Based
1153	Genetic_Algorithms	Genetic_Algorithms
1172	Probabilistic_Methods	Probabilistic_Methods
1197	Theory	Theory
1211	Neural_Networks	Neural_Networks
1213	Reinforcement_Learning	Reinforcement_Learning
1225	Genetic_Algorithms	Genetic_Algorithms
1228	Reinforcement_Learning	Reinforcement_Learning
1233	Case_Based	Case_Based
1244	Rule_Learning	Rule_Learning
1246	Neural_Networks	Neural_Networks
1248	Case_Based	Case_Based
1254	Neural_Networks	Neural_Networks
1255	Probabilistic_Methods	Probabilistic_Methods
1256	Theory	Rule_Learning
1260	Case_Based	Theory
1266	Neural_Networks	Neural_Networks
1275	Rule_Learning	Rule_Learning
1280	Theory	Theory
1297	Rule_Learning	Rule_Learning
1310	Theory	Theory
1315	Probabilistic_Methods	Neural_Networks
1335	Theory	Probabilistic_Methods
1353	Genetic_Algorithms	Genetic_Algorithms
1371	Neural_Networks	Genetic_Algorithms
1373	Neural_Networks	Neural_Networks
1381	Neural_Networks	Probabilistic_Methods
1391	Genetic_Algorithms	Genetic_Algorithms
1399	Neural_Networks	Neural_Networks
1401	Case_Based	Case_Based
1409	Genetic_Algorithms	Genetic_Algorithms
1411	Neural_Networks	Neural_Networks
1420	Case_Based	Case_Based
1436	Probabilistic_Methods	Probabilistic_Methods
1440	Reinforcement_Learning	Reinforcement_Learning
1449	Probabilistic_Methods	Theory
1452	Probabilistic_Methods	Neural_Networks
1476	Genetic_Algorithms	Genetic_Algorithms
1488	Neural_Networks	Neural_Networks
1489	Theory	Rule_Learning
1514	Theory	Theory
1518	Genetic_Algorithms	Genetic_Algorithms
1556	Case_Based	Case_Based
1558	Genetic_Algorithms	Genetic_Algorithms
1575	Genetic_Algorithms	Genetic_Algorithms
1579	Neural_Networks	Neural_Networks
1589	Reinforcement_Learning	Reinforcement_Learning
1591	Neural_Networks	Neural_Networks
1626	Theory	Case_Based
1629	Neural_Networks	Neural_Networks
1641	Probabilistic_Methods	Probabilistic_Methods
1647	Case_Based	Theory
1667	Neural_Networks	Neural_Networks
1672	Neural_Networks	Neural_Networks
1674	Case_Based	Case_Based
1681	Theory	Probabilistic_Methods
1682	Neural_Networks	Probabilistic_Methods
1695	Genetic_Algorithms	Case_Based
1696	Genetic_Algorithms	Genetic_Algorithms
1709	Neural_Networks	Neural_Networks
1728	Genetic_Algorithms	Genetic_Algorithms
1729	Genetic_Algorithms	Genetic_Algorithms
1738	Genetic_Algorithms	Genetic_Algorithms
1740	Theory	Genetic_Algorithms
1742	Probabilistic_Methods	Probabilistic_Methods
1766	Neural_Networks	Neural_Networks
1773	Genetic_Algorithms	Neural_Networks
1794	Neural_Networks	Neural_Networks
1798	Neural_Networks	Neural_Networks
1800	Probabilistic_Methods	Probabilistic_Methods
1802	Probabilistic_Methods	Probabilistic_Methods
1851	Neural_Networks	Neural_Networks
1861	Genetic_Algorithms	Theory
1868	Probabilistic_Methods	Probabilistic_Methods
1877	Rule_Learning	Case_Based
1890	Reinforcement_Learning	Genetic_Algorithms
1904	Case_Based	Case_Based
1905	Genetic_Algorithms	Genetic_Algorithms
1906	Probabilistic_Methods	Probabilistic_Methods
1923	Neural_Networks	Neural_Networks
1926	Probabilistic_Methods	Probabilistic_Methods
1933	Probabilistic_Methods	Probabilistic_Methods
1949	Probabilistic_Methods	Neural_Networks
1984	Genetic_Algorithms	Genetic_Algorithms
1999	Genetic_Algorithms	Genetic_Algorithms
2007	Theory	Reinforcement_Learning
2010	Case_Based	Case_Based
2014	Reinforcement_Learning	Reinforcement_Learning
2021	Neural_Networks	Neural_Networks
2024	Neural_Networks	Neural_Networks
2029	Neural_Networks	Neural_Networks
2031	Neural_Networks	Theory
2043	Neural_Networks	Neural_Networks
2055	Genetic_Algorithms	Genetic_Algorithms
2064	Probabilistic_Methods	Probabilistic_Methods
2078	Reinforcement_Learning	Probabilistic_Methods
2089	Genetic_Algorithms	Genetic_Algorithms
2092	Theory	Theory
2093	Neural_Networks	Neural_Networks
2094	Neural_Networks	Probabilistic_Methods
2113	Theory	Theory
2129	Neural_Networks	Neural_Networks
2162	Neural_Networks	Neural_Networks
2165	Neural_Networks	Genetic_Algorithms
2168	Theory	Theory
2174	Reinforcement_Learning	Reinforcement_Learning
2175	Genetic_Algorithms	Genetic_Algorithms
2176	Neural_Networks	Neural_Networks
2178	Neural_Networks	Neural_Networks
2183	Reinforcement_Learning	Reinforcement_Learning
2185	Theory	Neural_Networks
2194	Rule_Learning	Rule_Learning
2210	Theory	Theory
2226	Genetic_Algorithms	Genetic_Algorithms
2229	Rule_Learning	Rule_Learning
2232	Genetic_Algorithms	Genetic_Algorithms
2236	Neural_Networks	Neural_Networks
2242	Probabilistic_Methods	Probabilistic_Methods
2269	Genetic_Algorithms	Genetic_Algorithms
2280	Genetic_Algorithms	Genetic_Algorithms
2301	Case_Based	Probabilistic_Methods
2309	Reinforcement_Learning	Reinforcement_Learning
2329	Genetic_Algorithms	Theory
2333	Theory	Theory
2354	Theory	Theory
2368	Neural_Networks	Reinforcement_Learning
2383	Neural_Networks	Neural_Networks
2402	Genetic_Algorithms	Genetic_Algorithms
2415	Neural_Networks	Case_Based
2418	Genetic_Algorithms	Theory
2432	Genetic_Algorithms	Reinforcement_Learning
2439	Neural_Networks	Neural_Networks
2447	Case_Based	Case_Based
2465	Theory	Case_Based
2489	Case_Based	Case_Based
2497	Neural_Networks	Neural_Networks
2514	Probabilistic_Methods	Probabilistic_Methods
2545	Probabilistic_Methods	Neural_Networks
2551	Case_Based	Reinforcement_Learning
2553	Neural_Networks	Neural_Networks
2555	Theory	Theory
2587	Rule_Learning	Rule_Learning
2589	Theory	Rule_Learning
2595	Probabilistic_Methods	Neural_Networks
2597	Case_Based	Case_Based
2625	Neural_Networks	Neural_Networks
2650	Rule_Learning	Rule_Learning
2654	Probabilistic_Methods	Probabilistic_Methods
2657	Genetic_Algorithms	Theory
2661	Theory	Probabilistic_Methods
2695	Neural_Networks	Theory
